{
  "modellist": {
    "location": "models/mmd/kizunaai/kizunaai.pmx",
    "line_locationx_1": -0.8094240837696335,
    "line_locationy_1": -0.7245005257623554,
    "line_locationx_2": 0.37591623036649224,
    "line_locationy_2": -0.7245005257623554,
    "line_locationx_3": -0.8094240837696335,
    "line_locationy_3": 0.28075709779179814,
    "line_locationx_4": 0.37591623036649224,
    "line_locationy_4": 0.28075709779179814,
    "RXNA": {
      "x": 8.74868559411146,
      "y": 0,
      "z": 0
    },
    "LXNA": {
      "x": 8.74868559411146,
      "y": 0,
      "z": 0
    },
    "RXPA": {
      "x": -11.314405888538381,
      "y": 0,
      "z": 0
    },
    "LXPA": {
      "x": -11.314405888538381,
      "y": 0,
      "z": 0
    },
    "RYNA": {
      "x": 0,
      "y": -12.774869109947645,
      "z": 0
    },
    "LYNA": {
      "x": 0,
      "y": 12.523560209424085,
      "z": 0
    },
    "RYPA": {
      "x": 0,
      "y": -8.670157068062828,
      "z": 0
    },
    "LYPA": {
      "x": 0,
      "y": 8.712041884816756,
      "z": 0
    }
  }
}