{
  "modellist": {
    "location": "models/mmd/kizunaai/kizunaai.pmx",
    "line_locationx_1": -0.724560598731041,
    "line_locationy_1": 18.015206400553385,
    "line_locationx_2": -0.26372726539770763,
    "line_locationy_2": 18.015206400553385,
    "line_locationx_3": -0.26372726539770763,
    "line_locationy_3": 18.44187306722005,
    "line_locationx_4": -0.724560598731041,
    "line_locationy_4": 18.44187306722005,
    "RXNA": {
      "x": 5.509989484752893,
      "y": 0,
      "z": 0
    },
    "LXNA": {
      "x": 5.509989484752893,
      "y": 0,
      "z": 0
    },
    "RXPA": {
      "x": -12.996845425867507,
      "y": 0,
      "z": 0
    },
    "LXPA": {
      "x": 0,
      "y": 0,
      "z": 0
    },
    "RYNA": {
      "x": 0,
      "y": 0,
      "z": 0
    },
    "LYNA": {
      "x": 0,
      "y": 0,
      "z": 0
    },
    "RYPA": {
      "x": 0,
      "y": 0,
      "z": 0
    },
    "LYPA": {
      "x": 0,
      "y": 0,
      "z": 0
    }
  }
}